Type,Name,Request Count,Failure Count,Median Response Time,Average Response Time,Min Response Time,Max Response Time,Average Content Size,Requests/s,Failures/s,50%,66%,75%,80%,90%,95%,98%,99%,99.9%,99.99%,100%
GET,ℹ️ GET Event Capacity Check,1040,1040,2004.3477998115122,2036.737326730956,2004.3477998115122,2347.776100039482,0.0,17.42400519205518,17.42400519205518,2000,2000,2000,2000,2100,2100,2100,2100,2300,2300,2300
GET,📊 GET Poll Results (Live),4204,4204,2004.3333999346942,2039.0555185789099,2004.3333999346942,2516.4860000368208,0.0,70.43319021865382,70.43319021865382,2000,2000,2000,2000,2100,2100,2100,2200,2500,2500,2500
GET,📋 GET Sessions (Concurrent Read),697,697,2007.8600000124425,2036.0438132032598,2007.8600000124425,2321.552800014615,0.0,11.677434248906213,11.677434248906213,2000,2000,2000,2000,2100,2100,2100,2100,2300,2300,2300
POST,📝 POST Concurrent Register (Spike),4339,4339,2005.017900140956,2037.798735651873,2005.017900140956,2489.678499987349,0.0,72.69496012339175,72.69496012339175,2000,2000,2000,2000,2100,2100,2100,2100,2500,2500,2500
GET,🔍 GET Search (Concurrent Read),248,248,2010.2989999577403,2037.3059754051462,2010.2989999577403,2343.1535998824984,0.0,4.154955084259313,4.154955084259313,2000,2000,2000,2000,2100,2100,2100,2200,2300,2300,2300
GET,🗳️ GET Active Poll (Read),420,420,2007.782399887219,2035.255522612438,2007.782399887219,2122.7786000818014,0.0,7.0366174814069,7.0366174814069,2000,2000,2000,2000,2100,2100,2100,2100,2100,2100,2100
POST,🗳️ POST Vote (Spike),8581,8581,2003.8395000156015,2038.23714106902,2003.8395000156015,2498.4895000234246,0.0,143.76479668560145,143.76479668560145,2000,2000,2000,2000,2100,2100,2100,2200,2500,2500,2500
,Aggregated,19529,19529,2003.8395000156015,2038.0818055514012,2003.8395000156015,2516.4860000368208,0.0,327.1859590342746,327.1859590342746,2000,2000,2000,2000,2100,2100,2100,2100,2500,2500,2500
