Type,Name,Request Count,Failure Count,Median Response Time,Average Response Time,Min Response Time,Max Response Time,Average Content Size,Requests/s,Failures/s,50%,66%,75%,80%,90%,95%,98%,99%,99.9%,99.99%,100%
GET,ℹ️ GET Event Capacity Check,236,68,3700.0,9868.820180507748,6.798300193622708,48644.49739991687,158.74576271186442,3.929876014550553,1.1323371567349052,3700,5900,7800,9300,40000,44000,45000,45000,49000,49000,49000
GET,📊 GET Poll Results (Live),1377,342,3800.0,9718.041477848512,10.33259998075664,49589.08299985342,433.881626724764,22.92982742388183,5.694989817696141,3800,5900,8000,9200,40000,45000,46000,48000,49000,50000,50000
GET,📋 GET Sessions (Concurrent Read),116,30,5300.0,15427.834626714746,13.1029998883605,48338.07549998164,23.20689655172414,1.9316339732536616,0.49956051032422283,5400,9200,39000,40000,42000,45000,48000,48000,48000,48000,48000
POST,📝 POST Concurrent Register (Spike),985,215,2900.0,7181.9338445695885,5.888500018045306,39996.98320007883,66.80203045685279,16.402236755645315,3.580183657323597,2900,4300,5600,6800,34000,36000,38000,38000,40000,40000,40000
GET,🔍 GET Search (Concurrent Read),41,8,4100.0,11484.987199999301,97.9496999643743,46097.44659997523,587.0487804878048,0.6827326974431045,0.13321613608645944,4100,5600,8300,35000,41000,44000,46000,46000,46000,46000,46000
GET,🗳️ GET Active Poll (Read),81,15,5200.0,12455.701902477116,8.138500154018402,45796.834299806505,349.6296296296296,1.3488133778754017,0.24978025516211141,5200,6900,9700,38000,40000,41000,44000,46000,46000,46000,46000
POST,🗳️ POST Vote (Spike),549,52,3700.0,10601.223284887143,8.587799966335297,40062.22949991934,32.17304189435337,9.141957338933278,0.8659048845619862,3700,4500,6800,34000,36000,38000,40000,40000,40000,40000,40000
,Aggregated,3385,730,3600.0,9416.391800266134,5.888500018045306,49589.08299985342,228.49719350073855,56.367077581583146,12.155972417889423,3600,5300,7300,9400,37000,40000,45000,46000,49000,50000,50000
