Type,Name,Request Count,Failure Count,Median Response Time,Average Response Time,Min Response Time,Max Response Time,Average Content Size,Requests/s,Failures/s,50%,66%,75%,80%,90%,95%,98%,99%,99.9%,99.99%,100%
GET,ℹ️ GET Event Capacity Check,168,145,2000.0,2005.641664271631,6.1599998734891415,31931.386299896985,25.875,4.855137786740683,4.190446304032138,2000,2000,2000,2000,2100,2100,2100,2100,32000,32000,32000
GET,📊 GET Poll Results (Live),598,506,2000.0,2523.0397290895135,15.26759983971715,32111.090899910778,85.0752508361204,17.281978550422195,14.623212619588012,2000,2000,2000,2000,2100,2100,32000,32000,32000,32000,32000
GET,📋 GET Sessions (Concurrent Read),92,76,2000.0,2471.5667293513316,56.99780001305044,31769.279200118035,0.34782608695652173,2.6587659308341838,2.1963718559065,2000,2000,2000,2000,2100,2100,32000,32000,32000,32000,32000
POST,📝 POST Concurrent Register (Spike),674,543,2000.0,1754.7063891670891,5.539300153031945,2144.194500055164,12.050445103857566,19.478350406328694,15.69249891785828,2000,2000,2000,2000,2100,2100,2100,2100,2100,2100,2100
GET,🔍 GET Search (Concurrent Read),47,36,2000.0,1705.8484595903058,109.45479990914464,2114.7757000289857,135.85106382978722,1.3582825951000723,1.0403866685872893,2000,2000,2000,2100,2100,2100,2100,2100,2100,2100,2100
GET,🗳️ GET Active Poll (Read),76,64,2000.0,1781.5281618539684,105.12550012208521,2114.396900171414,64.73684210526316,2.1963718559065,1.8495762997107366,2000,2000,2000,2000,2100,2100,2100,2100,2100,2100,2100
POST,🗳️ POST Vote (Spike),1202,1106,2000.0,2557.600475542252,7.695399923250079,31825.334699824452,2.193843594009983,34.73735487894227,31.962990429376166,2000,2000,2000,2000,2100,2100,2200,32000,32000,32000,32000
,Aggregated,2857,2476,2000.0,2291.0705609014826,5.539300153031945,32111.090899910778,27.06265313265663,82.5662420042746,71.55548309505912,2000,2000,2000,2000,2100,2100,2200,32000,32000,32000,32000
