Type,Name,Request Count,Failure Count,Median Response Time,Average Response Time,Min Response Time,Max Response Time,Average Content Size,Requests/s,Failures/s,50%,66%,75%,80%,90%,95%,98%,99%,99.9%,99.99%,100%
GET,ℹ️ GET Event Capacity Check,222,222,2003.1530000269413,2036.2391306374743,2003.1530000269413,2314.0020000282675,0.0,3.740716991827076,3.740716991827076,2000,2000,2000,2000,2100,2100,2100,2100,2300,2300,2300
GET,📊 GET Poll Results (Live),887,887,2003.3400000538677,2034.055231000993,2003.3400000538677,2313.7453999370337,0.0,14.946017890768543,14.946017890768543,2000,2000,2000,2000,2000,2100,2100,2100,2300,2300,2300
GET,📋 GET Sessions (Concurrent Read),142,142,2003.6172000691295,2036.735657756676,2003.6172000691295,2315.099700121209,0.0,2.3927108686461476,2.3927108686461476,2000,2000,2000,2000,2100,2100,2100,2100,2300,2300,2300
POST,📝 POST Concurrent Register (Spike),918,918,2004.2290999554098,2034.864004903264,2004.2290999554098,2232.3956000618637,0.0,15.468370263501152,15.468370263501152,2000,2000,2000,2000,2100,2100,2100,2100,2200,2200,2200
GET,🔍 GET Search (Concurrent Read),45,45,2010.812400141731,2031.1064733347546,2010.812400141731,2068.819599924609,0.0,0.7582534442892721,0.7582534442892721,2000,2000,2000,2000,2000,2000,2100,2100,2100,2100,2100
GET,🗳️ GET Active Poll (Read),101,101,2012.1122000273317,2033.0322762342669,2012.1122000273317,2058.930499944836,0.0,1.701857730515922,1.701857730515922,2000,2000,2000,2000,2000,2100,2100,2100,2100,2100,2100
POST,🗳️ POST Vote (Spike),1821,1821,2004.8385998234153,2035.4452750696466,2004.8385998234153,2313.3733000140637,0.0,30.683989378905878,30.683989378905878,2000,2000,2000,2000,2100,2100,2100,2100,2300,2300,2300
,Aggregated,4136,4136,2003.1530000269413,2034.9989346962273,2003.1530000269413,2315.099700121209,0.0,69.69191656845399,69.69191656845399,2000,2000,2000,2000,2100,2100,2100,2100,2300,2300,2300
