Type,Name,Request Count,Failure Count,Median Response Time,Average Response Time,Min Response Time,Max Response Time,Average Content Size,Requests/s,Failures/s,50%,66%,75%,80%,90%,95%,98%,99%,99.9%,99.99%,100%
GET,ℹ️ GET Event Capacity Check,4,0,590.0,799.9509249348193,152.61249989271164,1874.2924998514354,189.0,0.9567254532682956,0.0,590,590,1900,1900,1900,1900,1900,1900,1900,1900,1900
GET,📊 GET Poll Results (Live),28,0,20,557.2488143058893,6.558299995958805,3097.9573000222445,453.57142857142856,6.6970781728780695,0.0,25,610,620,620,1900,2200,3100,3100,3100,3100,3100
GET,📋 GET Sessions (Concurrent Read),8,0,190.0,453.3115375088528,72.87229993380606,1880.0959000363946,2.0,1.9134509065365912,0.0,300,300,600,600,1900,1900,1900,1900,1900,1900,1900
POST,📝 POST Concurrent Register (Spike),32,0,200.0,354.8137812540517,11.168000055477023,1950.5519999656826,62.0,7.653803626146365,0.0,200,290,300,300,490,1900,2000,2000,2000,2000,2000
GET,🔍 GET Search (Concurrent Read),1,0,1885.3269000537694,1885.3269000537694,1885.3269000537694,1885.3269000537694,1737.0,0.2391813633170739,0.0,1900,1900,1900,1900,1900,1900,1900,1900,1900,1900,1900
GET,🗳️ GET Active Poll (Read),1,0,174.95519993826747,174.95519993826747,174.95519993826747,174.95519993826747,319.0,0.2391813633170739,0.0,170,170,170,170,170,170,170,170,170,170,170
POST,🗳️ POST Vote (Spike),45,0,610.0,1150.325877773058,12.838999973610044,2128.881399985403,26.91111111111111,10.763161349268326,0.0,610,1900,1900,1900,2000,2100,2100,2100,2100,2100,2100
,Aggregated,119,0,490.0,736.2037848763387,6.558299995958805,3097.9573000222445,157.3361344537815,28.462582234731794,0.0,490,610,1900,1900,1900,2100,2100,2200,3100,3100,3100
